job title,company name,date active,date not active,skills ,info 
Python Web Developer,Confidential -,1 day ago,8 days ago,Python Web Developer,Full time
Python Developer,Arabian Advanced Systems,3 days ago,10 days ago,Experienced,Full time
Senior Python Engineer,camelCase,2 days ago,17 days ago,Python,Work from home
Asterisk / Python Application Developer,Tqniat Lab L.L.C,,,  Django,Full time
Senior Software Engineer - Backend Python,unilearn,,,  ORM,Full time
Backend Engineer (Python) - Remote,Meddy,,,  Web Development,Part time
Python Developer - Internship,RaccoonPlatform,,,  javaScript,Work from home
Back-End Python Developer,Go Plus ,,,  HTML5,Full time
Senior Software Engineer - Backend (Python),Confidential -,,,  CSS,Part time
Senior Python Developer - Full Stack,ExaServe LLC,,,  Git,Full time
Senior Python Developer (Remotly),BeSteam,,,  Mercurial,Work from home
Senior Software Engineer (Backend - Python),Nana,,,  SVN,Internship
Python Developer,EBE,,,Python Developer,Full time
Python Developer,LavaLoon,,,Experienced,Full time
Python Developer - Blender,Confidential -,,,Python,Full time
